method,s
Dtree,3.292732272297144
HKS,0.004204753786325455
HK,0.013672791421413422
HDT,0.001934930682182312
ST,0.001234784722328186
STV,0.0011242665350437164
LT,0.0017059408128261566
LTV,0.0014481395483016968
LzT,0.0017059631645679474
